{
    "$schema": "https://schema.management.azure.com/schemas/2015-01-01/deploymentTemplate.json#",
    "contentVersion": "1.0.0.0",
    "parameters": {
      "workspaceName": {
        "type": "string",
        "metadata": {
          "description": "Specifies the name of the Azure Machine Learning service workspace."
        }
      },
      "location": {
        "type": "string",
        "defaultValue": "westus2",
        "allowedValues": [
          "australiaeast",
          "brazilsouth",
          "canadacentral",
          "centralus",
          "eastasia",
          "eastus",
          "eastus2",
          "francecentral",
          "japaneast",
          "koreacentral",
          "northcentralus",
          "northeurope",
          "southeastasia",
          "southcentralus",
          "uksouth",
          "westcentralus",
          "westus",
          "westus2",
          "westeurope"
        ],
        "metadata": {
          "description": "Specifies the location for all resources."
        }
      },
      "sku":{
        "type": "string",
        "defaultValue": "enterprise",
          "allowedValues": [
            "basic",
            "enterprise"
          ],
          "metadata": {
            "description": "Specifies the sku, also referred as 'edition' of the Azure Machine Learning workspace."
          }
      }
    },
    "variables": {
      "storageAccountName": "[concat('sa',uniqueString(resourceGroup().id))]",
      "storageAccountType": "Standard_LRS",
      "keyVaultName": "[concat('kv',uniqueString(resourceGroup().id))]",
      "tenantId": "[subscription().tenantId]",
      "applicationInsightsName": "[concat('ai',uniqueString(resourceGroup().id))]"
    },
    "resources": [
      {
        "type": "Microsoft.Storage/storageAccounts",
        "apiVersion": "2019-04-01",
        "name": "[variables('storageAccountName')]",
        "location": "[parameters('location')]",
        "sku": {
          "name": "[variables('storageAccountType')]"
        },
        "kind": "StorageV2",
        "properties": {
          "encryption": {
            "services": {
              "blob": {
                "enabled": true
              },
              "file": {
                "enabled": true
              }
            },
            "keySource": "Microsoft.Storage"
          },
          "supportsHttpsTrafficOnly": true
        }
      },
      {
        "type": "Microsoft.KeyVault/vaults",
        "apiVersion": "2018-02-14",
        "name": "[variables('keyVaultName')]",
        "location": "[parameters('location')]",
        "properties": {
          "tenantId": "[variables('tenantId')]",
          "sku": {
            "name": "standard",
            "family": "A"
          },
          "accessPolicies": [
          ]
        }
      },
      {
        "type": "Microsoft.Insights/components",
        "apiVersion": "2018-05-01-preview",
        "name": "[variables('applicationInsightsName')]",
        "location": "[if(or(equals(parameters('location'),'eastus2'),equals(parameters('location'),'westcentralus')),'southcentralus',parameters('location'))]",
        "kind": "web",
        "properties": {
          "Application_Type": "web"
        }
      },
      {
        "type": "Microsoft.MachineLearningServices/workspaces",
        "apiVersion": "2019-11-01",
        "name": "[parameters('workspaceName')]",
        "location": "[parameters('location')]",
        "dependsOn": [
          "[resourceId('Microsoft.Storage/storageAccounts', variables('storageAccountName'))]",
          "[resourceId('Microsoft.KeyVault/vaults', variables('keyVaultName'))]",
          "[resourceId('Microsoft.Insights/components', variables('applicationInsightsName'))]"
        ],
        "identity": {
          "type": "systemAssigned"
        },
        "sku": {
          "tier": "[parameters('sku')]",
          "name": "[parameters('sku')]"
        },
        "properties": {
          "friendlyName": "[parameters('workspaceName')]",
          "keyVault": "[resourceId('Microsoft.KeyVault/vaults',variables('keyVaultName'))]",
          "applicationInsights": "[resourceId('Microsoft.Insights/components',variables('applicationInsightsName'))]",
          "storageAccount": "[resourceId('Microsoft.Storage/storageAccounts/',variables('storageAccountName'))]"
        }
      },
      {
            "apiVersion": "2018-02-01",
            "name": "pid-9408f13f-5d8c-5318-a26c-0d76854a4a23",
            "type": "Microsoft.Resources/deployments",
            "properties": {
                "mode": "Incremental",
                "template": {
                    "$schema": "https://schema.management.azure.com/schemas/2015-01-01/deploymentTemplate.json#",
                    "contentVersion": "1.0.0.0",
                    "resources": []
                }
            }
        }
    ]
}